,predicted_age,actual_age,percentage_error
10773,39,21,85.71428571428571
5496,34,42,-19.047619047619047
13054,34,36,-5.555555555555555
11825,34,29,17.24137931034483
1326,39,53,-26.41509433962264
63,37,23,60.86956521739131
10307,39,26,50.0
5477,37,28,32.142857142857146
13055,34,21,61.904761904761905
5396,37,29,27.586206896551722
5888,34,39,-12.82051282051282
8257,34,33,3.0303030303030303
4900,38,60,-36.666666666666664
311,37,45,-17.77777777777778
3254,34,43,-20.930232558139537
1355,37,64,-42.1875
2874,34,45,-24.444444444444443
5836,37,21,76.19047619047619
9451,34,27,25.925925925925924
6213,34,26,30.76923076923077
4833,34,25,36.0
1611,37,24,54.166666666666664
8845,37,48,-22.916666666666664
11956,39,23,69.56521739130434
8990,34,24,41.66666666666667
3608,39,56,-30.357142857142854
5714,39,35,11.428571428571429
12286,37,38,-2.631578947368421
12686,37,23,60.86956521739131
4104,37,21,76.19047619047619
7882,37,27,37.03703703703704
7182,37,44,-15.909090909090908
6298,37,22,68.18181818181817
7770,34,25,36.0
3989,39,33,18.181818181818183
9350,37,23,60.86956521739131
7877,34,38,-10.526315789473683
4053,42,32,31.25
10685,39,33,18.181818181818183
2301,37,23,60.86956521739131
1310,38,61,-37.704918032786885
2771,34,28,21.428571428571427
6825,39,30,30.0
10214,39,21,85.71428571428571
3684,34,36,-5.555555555555555
7532,39,22,77.27272727272727
487,37,54,-31.48148148148148
13176,34,43,-20.930232558139537
11325,38,23,65.21739130434783
1739,34,49,-30.612244897959183
6333,37,63,-41.269841269841265
5743,34,33,3.0303030303030303
3120,34,58,-41.37931034482759
5828,34,48,-29.166666666666668
1659,39,22,77.27272727272727
10962,34,34,0.0
12660,37,31,19.35483870967742
168,37,22,68.18181818181817
11194,39,21,85.71428571428571
3355,34,45,-24.444444444444443
10777,34,23,47.82608695652174
10558,34,27,25.925925925925924
6485,34,34,0.0
1175,34,51,-33.33333333333333
977,37,26,42.30769230769231
6201,34,32,6.25
13379,39,42,-7.142857142857142
1953,37,28,32.142857142857146
8372,34,37,-8.108108108108109
9251,37,21,76.19047619047619
8641,34,36,-5.555555555555555
6606,34,25,36.0
5261,39,61,-36.0655737704918
4580,34,31,9.67741935483871
6584,34,29,17.24137931034483
10368,37,45,-17.77777777777778
8404,34,30,13.333333333333334
1197,34,33,3.0303030303030303
8138,37,58,-36.206896551724135
1799,37,26,42.30769230769231
5152,34,26,30.76923076923077
9638,34,35,-2.857142857142857
10303,34,38,-10.526315789473683
6661,38,32,18.75
9661,34,22,54.54545454545454
11879,37,35,5.714285714285714
12518,37,30,23.333333333333332
3448,39,42,-7.142857142857142
385,39,27,44.44444444444444
937,38,43,-11.627906976744185
2512,37,28,32.142857142857146
4367,37,56,-33.92857142857143
12290,37,45,-17.77777777777778
1121,37,64,-42.1875
1393,37,35,5.714285714285714
4467,37,21,76.19047619047619
4455,39,27,44.44444444444444
8037,34,27,25.925925925925924
8337,34,21,61.904761904761905
8629,39,48,-18.75
10902,34,27,25.925925925925924
1006,39,30,30.0
2531,37,49,-24.489795918367346
8992,39,31,25.806451612903224
8076,34,21,61.904761904761905
4682,34,30,13.333333333333334
12138,39,44,-11.363636363636363
6109,34,30,13.333333333333334
5817,39,32,21.875
11951,34,31,9.67741935483871
2319,34,22,54.54545454545454
608,37,43,-13.953488372093023
6848,39,61,-36.0655737704918
399,34,59,-42.3728813559322
5098,38,21,80.95238095238095
12782,39,25,56.00000000000001
1061,39,24,62.5
4202,39,21,85.71428571428571
8040,37,62,-40.32258064516129
5993,34,60,-43.333333333333336
3334,37,21,76.19047619047619
353,37,40,-7.5
4842,38,26,46.15384615384615
10018,34,29,17.24137931034483
4843,39,54,-27.77777777777778
3526,39,33,18.181818181818183
7466,34,52,-34.61538461538461
3872,39,22,77.27272727272727
3387,39,26,50.0
7642,38,25,52.0
2769,37,40,-7.5
5998,37,47,-21.27659574468085
304,37,24,54.166666666666664
11060,39,21,85.71428571428571
7476,34,50,-32.0
1457,39,24,62.5
4676,34,31,9.67741935483871
10680,37,27,37.03703703703704
11816,34,61,-44.26229508196721
2124,34,25,36.0
9470,34,25,36.0
5872,37,21,76.19047619047619
1512,38,23,65.21739130434783
457,34,52,-34.61538461538461
9926,37,63,-41.269841269841265
12097,37,22,68.18181818181817
12446,34,27,25.925925925925924
4118,39,62,-37.096774193548384
6889,34,53,-35.84905660377358
4708,37,23,60.86956521739131
12793,39,48,-18.75
5216,37,28,32.142857142857146
7917,37,40,-7.5
6523,34,22,54.54545454545454
7729,34,60,-43.333333333333336
6292,37,21,76.19047619047619
9124,34,24,41.66666666666667
2919,39,60,-35.0
3031,34,64,-46.875
1358,37,33,12.121212121212121
12022,34,26,30.76923076923077
872,34,56,-39.285714285714285
542,39,61,-36.0655737704918
5025,37,31,19.35483870967742
3467,34,28,21.428571428571427
8487,38,40,-5.0
4342,37,34,8.823529411764707
10477,39,63,-38.095238095238095
10705,37,26,42.30769230769231
8824,37,41,-9.75609756097561
8489,34,25,36.0
3351,38,22,72.72727272727273
8008,39,47,-17.02127659574468
10347,37,30,23.333333333333332
11056,34,25,36.0
5769,34,53,-35.84905660377358
2680,34,37,-8.108108108108109
4965,37,45,-17.77777777777778
2453,34,27,25.925925925925924
12941,38,51,-25.49019607843137
12663,37,60,-38.333333333333336
8926,39,48,-18.75
181,34,64,-46.875
3353,37,22,68.18181818181817
5013,34,40,-15.0
9720,34,27,25.925925925925924
720,37,23,60.86956521739131
3043,34,33,3.0303030303030303
9970,39,21,85.71428571428571
9647,37,54,-31.48148148148148
12180,34,39,-12.82051282051282
9112,34,28,21.428571428571427
12799,38,21,80.95238095238095
2495,34,27,25.925925925925924
624,34,36,-5.555555555555555
7173,34,28,21.428571428571427
4959,37,21,76.19047619047619
8153,37,31,19.35483870967742
4671,37,21,76.19047619047619
6861,37,46,-19.565217391304348
4411,39,57,-31.57894736842105
11615,34,63,-46.03174603174603
7695,34,27,25.925925925925924
3842,39,35,11.428571428571429
10984,34,27,25.925925925925924
7855,34,31,9.67741935483871
10495,34,21,61.904761904761905
6890,37,27,37.03703703703704
10199,37,36,2.7777777777777777
13251,34,23,47.82608695652174
8,39,54,-27.77777777777778
10671,39,48,-18.75
10061,34,30,13.333333333333334
13343,34,30,13.333333333333334
2991,39,40,-2.5
586,38,38,0.0
10178,37,61,-39.34426229508197
6791,34,23,47.82608695652174
5756,34,31,9.67741935483871
8776,34,27,25.925925925925924
8740,38,38,0.0
2655,38,25,52.0
4894,34,39,-12.82051282051282
12052,37,49,-24.489795918367346
11909,34,61,-44.26229508196721
9349,37,24,54.166666666666664
3418,34,41,-17.073170731707318
9043,37,64,-42.1875
6147,39,39,0.0
4936,34,26,30.76923076923077
3369,34,30,13.333333333333334
749,37,45,-17.77777777777778
11670,34,57,-40.35087719298245
11553,38,45,-15.555555555555555
7796,34,35,-2.857142857142857
410,34,30,13.333333333333334
3268,34,25,36.0
4375,34,21,61.904761904761905
11508,37,56,-33.92857142857143
10349,34,22,54.54545454545454
2615,34,25,36.0
6245,34,61,-44.26229508196721
7414,37,30,23.333333333333332
7637,39,29,34.48275862068966
2913,37,22,68.18181818181817
5493,39,54,-27.77777777777778
6760,37,21,76.19047619047619
1086,39,33,18.181818181818183
11496,39,62,-37.096774193548384
5411,37,50,-26.0
4077,37,63,-41.269841269841265
1983,39,21,85.71428571428571
4816,34,49,-30.612244897959183
1142,38,31,22.58064516129032
12283,39,58,-32.758620689655174
6650,38,22,72.72727272727273
3492,34,23,47.82608695652174
11410,34,30,13.333333333333334
1114,34,61,-44.26229508196721
2087,37,48,-22.916666666666664
8327,37,26,42.30769230769231
9706,34,21,61.904761904761905
6875,34,56,-39.285714285714285
7831,34,25,36.0
13019,34,30,13.333333333333334
5875,34,30,13.333333333333334
3946,37,22,68.18181818181817
8157,39,40,-2.5
5657,37,38,-2.631578947368421
978,34,41,-17.073170731707318
3894,37,21,76.19047619047619
3233,39,28,39.285714285714285
9932,34,21,61.904761904761905
9212,34,24,41.66666666666667
3063,34,30,13.333333333333334
3013,39,52,-25.0
10287,37,52,-28.846153846153843
11960,37,21,76.19047619047619
9411,37,22,68.18181818181817
9825,39,51,-23.52941176470588
2957,34,40,-15.0
10413,39,47,-17.02127659574468
4808,34,29,17.24137931034483
3441,37,23,60.86956521739131
7042,34,26,30.76923076923077
13391,39,34,14.705882352941178
7518,34,39,-12.82051282051282
11235,37,38,-2.631578947368421
6260,37,27,37.03703703703704
9300,37,22,68.18181818181817
8732,34,62,-45.16129032258064
5654,37,21,76.19047619047619
2816,34,44,-22.727272727272727
3668,38,34,11.76470588235294
248,39,61,-36.0655737704918
2477,38,27,40.74074074074074
13153,34,22,54.54545454545454
12203,34,36,-5.555555555555555
1683,37,25,48.0
5183,39,60,-35.0
9081,34,25,36.0
3068,37,24,54.166666666666664
2271,39,25,56.00000000000001
2189,34,43,-20.930232558139537
10444,37,55,-32.72727272727273
8916,34,47,-27.659574468085108
9754,37,59,-37.28813559322034
1213,34,42,-19.047619047619047
3219,34,28,21.428571428571427
70,39,30,30.0
7159,34,27,25.925925925925924
1844,34,22,54.54545454545454
11206,42,25,68.0
9281,34,25,36.0
884,39,40,-2.5
12095,34,21,61.904761904761905
8960,34,28,21.428571428571427
8391,34,23,47.82608695652174
4385,38,57,-33.33333333333333
11153,34,60,-43.333333333333336
1722,34,26,30.76923076923077
9622,39,52,-25.0
12357,37,62,-40.32258064516129
11212,34,21,61.904761904761905
11254,34,22,54.54545454545454
1489,39,37,5.405405405405405
11726,34,61,-44.26229508196721
360,34,54,-37.03703703703704
2616,34,37,-8.108108108108109
4246,39,62,-37.096774193548384
5844,39,56,-30.357142857142854
2145,34,22,54.54545454545454
12371,34,47,-27.659574468085108
8812,34,47,-27.659574468085108
11460,39,23,69.56521739130434
6729,38,46,-17.391304347826086
455,37,38,-2.631578947368421
1606,34,53,-35.84905660377358
7025,34,63,-46.03174603174603
6961,37,26,42.30769230769231
2858,34,32,6.25
4315,37,26,42.30769230769231
3295,34,41,-17.073170731707318
3669,34,30,13.333333333333334
3724,34,42,-19.047619047619047
5186,34,61,-44.26229508196721
8126,34,21,61.904761904761905
12114,37,39,-5.128205128205128
7923,34,39,-12.82051282051282
11146,34,40,-15.0
2323,37,37,0.0
8480,34,30,13.333333333333334
8985,39,31,25.806451612903224
7233,34,55,-38.18181818181819
3434,39,43,-9.30232558139535
10146,34,21,61.904761904761905
7375,34,44,-22.727272727272727
6728,39,25,56.00000000000001
99,38,46,-17.391304347826086
9115,42,25,68.0
13139,34,23,47.82608695652174
8262,34,28,21.428571428571427
7046,34,28,21.428571428571427
10464,39,26,50.0
2254,34,33,3.0303030303030303
5746,39,47,-17.02127659574468
12336,38,62,-38.70967741935484
9417,39,53,-26.41509433962264
12152,39,64,-39.0625
6756,37,48,-22.916666666666664
1236,39,44,-11.363636363636363
8791,39,37,5.405405405405405
9757,39,59,-33.89830508474576
5058,39,46,-15.217391304347828
8066,38,57,-33.33333333333333
10571,39,37,5.405405405405405
4111,34,21,61.904761904761905
518,37,22,68.18181818181817
1921,37,59,-37.28813559322034
2334,34,24,41.66666666666667
2342,39,37,5.405405405405405
10557,34,36,-5.555555555555555
2388,34,43,-20.930232558139537
3853,34,21,61.904761904761905
11123,34,63,-46.03174603174603
6903,37,59,-37.28813559322034
9954,39,28,39.285714285714285
9401,34,29,17.24137931034483
11456,34,57,-40.35087719298245
11609,34,36,-5.555555555555555
218,39,31,25.806451612903224
5030,37,40,-7.5
2952,37,24,54.166666666666664
12424,37,51,-27.450980392156865
9931,39,36,8.333333333333332
10405,34,23,47.82608695652174
7709,34,53,-35.84905660377358
12766,37,22,68.18181818181817
2184,37,32,15.625
2150,39,30,30.0
13004,37,23,60.86956521739131
5118,37,23,60.86956521739131
8585,34,26,30.76923076923077
4954,39,61,-36.0655737704918
4747,39,40,-2.5
6821,38,53,-28.30188679245283
8246,38,41,-7.317073170731707
3131,37,47,-21.27659574468085
10318,34,54,-37.03703703703704
9362,39,62,-37.096774193548384
5992,34,27,25.925925925925924
10928,34,23,47.82608695652174
8302,34,36,-5.555555555555555
927,34,21,61.904761904761905
1621,37,28,32.142857142857146
12382,37,54,-31.48148148148148
6955,37,56,-33.92857142857143
8471,37,23,60.86956521739131
12980,39,59,-33.89830508474576
4885,38,60,-36.666666666666664
4394,34,33,3.0303030303030303
7828,39,22,77.27272727272727
9590,39,27,44.44444444444444
3090,34,46,-26.08695652173913
9384,39,25,56.00000000000001
2308,34,22,54.54545454545454
7912,34,27,25.925925925925924
533,38,24,58.333333333333336
5838,39,62,-37.096774193548384
862,37,24,54.166666666666664
8739,37,21,76.19047619047619
4549,39,36,8.333333333333332
3393,34,21,61.904761904761905
9800,38,21,80.95238095238095
13187,34,64,-46.875
3146,37,51,-27.450980392156865
6847,34,26,30.76923076923077
12689,34,26,30.76923076923077
2859,34,23,47.82608695652174
10691,37,21,76.19047619047619
4156,37,53,-30.18867924528302
7807,37,47,-21.27659574468085
10844,34,41,-17.073170731707318
7456,34,22,54.54545454545454
450,34,21,61.904761904761905
5100,34,24,41.66666666666667
3025,39,57,-31.57894736842105
7654,34,25,36.0
113,34,35,-2.857142857142857
7448,38,38,0.0
9149,34,36,-5.555555555555555
4489,34,35,-2.857142857142857
2021,34,37,-8.108108108108109
10623,39,31,25.806451612903224
3488,38,35,8.571428571428571
6108,37,22,68.18181818181817
35,39,40,-2.5
12770,37,21,76.19047619047619
10400,34,45,-24.444444444444443
6545,38,21,80.95238095238095
8077,39,54,-27.77777777777778
4810,38,25,52.0
3422,34,22,54.54545454545454
6466,39,61,-36.0655737704918
13212,34,42,-19.047619047619047
5632,34,24,41.66666666666667
11921,37,54,-31.48148148148148
3532,37,42,-11.904761904761903
2589,37,27,37.03703703703704
3305,34,27,25.925925925925924
6363,34,36,-5.555555555555555
3495,34,32,6.25
47,34,26,30.76923076923077
6922,39,25,56.00000000000001
4504,34,34,0.0
9601,37,51,-27.450980392156865
11216,38,21,80.95238095238095
3111,34,57,-40.35087719298245
8842,34,23,47.82608695652174
7836,38,57,-33.33333333333333
8374,39,21,85.71428571428571
13346,38,41,-7.317073170731707
4739,34,28,21.428571428571427
5702,34,25,36.0
795,34,32,6.25
9246,34,26,30.76923076923077
11525,39,21,85.71428571428571
1039,39,60,-35.0
6023,34,41,-17.073170731707318
12130,39,38,2.631578947368421
2882,34,43,-20.930232558139537
13039,34,60,-43.333333333333336
3328,37,23,60.86956521739131
2267,34,32,6.25
8846,34,22,54.54545454545454
11883,34,56,-39.285714285714285
7800,37,22,68.18181818181817
7313,34,23,47.82608695652174
7420,37,29,27.586206896551722
538,37,22,68.18181818181817
2802,39,21,85.71428571428571
9162,39,26,50.0
2375,39,34,14.705882352941178
8722,34,25,36.0
12676,38,42,-9.523809523809524
1368,34,25,36.0
13337,37,25,48.0
11374,37,29,27.586206896551722
6064,34,33,3.0303030303030303
11181,38,47,-19.148936170212767
5747,39,59,-33.89830508474576
12815,37,27,37.03703703703704
6641,39,38,2.631578947368421
8361,37,27,37.03703703703704
2766,39,22,77.27272727272727
12607,37,52,-28.846153846153843
8387,34,21,61.904761904761905
11281,34,30,13.333333333333334
4029,37,26,42.30769230769231
1157,34,25,36.0
2656,37,33,12.121212121212121
6802,34,60,-43.333333333333336
4962,37,24,54.166666666666664
7930,34,22,54.54545454545454
3409,34,26,30.76923076923077
12098,39,21,85.71428571428571
2614,37,26,42.30769230769231
10158,39,35,11.428571428571429
7403,34,60,-43.333333333333336
7040,37,59,-37.28813559322034
379,34,22,54.54545454545454
11684,37,43,-13.953488372093023
10212,34,22,54.54545454545454
6037,37,21,76.19047619047619
2029,39,52,-25.0
5980,34,28,21.428571428571427
10720,34,26,30.76923076923077
12341,34,37,-8.108108108108109
13107,37,27,37.03703703703704
9848,37,32,15.625
3613,37,30,23.333333333333332
9609,34,29,17.24137931034483
12247,34,32,6.25
4162,34,64,-46.875
7187,34,46,-26.08695652173913
2039,37,24,54.166666666666664
3244,34,43,-20.930232558139537
6153,39,38,2.631578947368421
4238,34,44,-22.727272727272727
290,37,27,37.03703703703704
1107,37,41,-9.75609756097561
11474,34,59,-42.3728813559322
9480,34,22,54.54545454545454
7675,34,50,-32.0
12609,34,25,36.0
1022,34,21,61.904761904761905
13228,39,61,-36.0655737704918
3721,37,35,5.714285714285714
2955,37,57,-35.08771929824561
8139,39,31,25.806451612903224
8779,34,30,13.333333333333334
12886,34,25,36.0
10908,34,36,-5.555555555555555
2236,39,38,2.631578947368421
9463,37,28,32.142857142857146
6909,39,29,34.48275862068966
8197,39,34,14.705882352941178
9536,34,27,25.925925925925924
3889,39,28,39.285714285714285
7073,37,54,-31.48148148148148
247,39,29,34.48275862068966
11818,34,32,6.25
6954,39,46,-15.217391304347828
11819,34,62,-45.16129032258064
6769,37,46,-19.565217391304348
6253,34,40,-15.0
511,37,22,68.18181818181817
6551,39,62,-37.096774193548384
993,39,63,-38.095238095238095
7565,38,63,-39.682539682539684
7981,34,21,61.904761904761905
7464,37,24,54.166666666666664
13089,37,21,76.19047619047619
6535,34,28,21.428571428571427
2507,34,25,36.0
8303,37,21,76.19047619047619
4365,38,54,-29.629629629629626
10607,34,24,41.66666666666667
135,37,27,37.03703703703704
12956,37,34,8.823529411764707
2227,37,26,42.30769230769231
3314,39,28,39.285714285714285
8317,34,30,13.333333333333334
10329,38,57,-33.33333333333333
10210,37,26,42.30769230769231
2995,37,39,-5.128205128205128
5344,34,33,3.0303030303030303
6598,37,28,32.142857142857146
5436,38,23,65.21739130434783
10696,38,24,58.333333333333336
6480,34,25,36.0
6927,37,22,68.18181818181817
10236,39,57,-31.57894736842105
7012,34,25,36.0
3463,37,27,37.03703703703704
7077,34,49,-30.612244897959183
9676,38,37,2.7027027027027026
6234,37,59,-37.28813559322034
3819,39,29,34.48275862068966
930,34,55,-38.18181818181819
12198,42,32,31.25
10388,34,61,-44.26229508196721
10614,34,21,61.904761904761905
6630,34,60,-43.333333333333336
1372,39,28,39.285714285714285
7553,34,46,-26.08695652173913
12089,34,38,-10.526315789473683
5841,34,61,-44.26229508196721
2109,34,21,61.904761904761905
10017,38,55,-30.909090909090907
10172,34,27,25.925925925925924
10423,34,29,17.24137931034483
13289,34,44,-22.727272727272727
9148,39,25,56.00000000000001
833,34,27,25.925925925925924
8832,37,23,60.86956521739131
4913,39,35,11.428571428571429
11317,34,58,-41.37931034482759
5372,38,59,-35.59322033898305
11756,34,59,-42.3728813559322
5333,37,22,68.18181818181817
5196,38,29,31.03448275862069
1626,34,33,3.0303030303030303
4680,37,58,-36.206896551724135
11806,37,60,-38.333333333333336
12580,34,60,-43.333333333333336
2034,34,38,-10.526315789473683
13082,34,25,36.0
12438,38,36,5.555555555555555
1575,34,21,61.904761904761905
3680,37,25,48.0
2420,38,64,-40.625
11783,34,32,6.25
1688,38,39,-2.564102564102564
1418,34,27,25.925925925925924
2692,37,23,60.86956521739131
10509,34,23,47.82608695652174
7772,38,51,-25.49019607843137
173,34,27,25.925925925925924
3855,34,54,-37.03703703703704
2002,39,21,85.71428571428571
9943,38,55,-30.909090909090907
811,34,21,61.904761904761905
4772,34,43,-20.930232558139537
6225,39,36,8.333333333333332
2085,34,22,54.54545454545454
5763,37,21,76.19047619047619
12873,34,59,-42.3728813559322
10251,37,56,-33.92857142857143
11708,37,64,-42.1875
7277,37,61,-39.34426229508197
5386,34,30,13.333333333333334
7893,34,46,-26.08695652173913
11098,34,64,-46.875
3944,34,21,61.904761904761905
9628,37,63,-41.269841269841265
4590,39,30,30.0
9632,39,41,-4.878048780487805
8731,37,51,-27.450980392156865
6759,34,26,30.76923076923077
10164,34,22,54.54545454545454
11489,37,60,-38.333333333333336
12455,39,33,18.181818181818183
12263,34,31,9.67741935483871
10436,34,30,13.333333333333334
8521,34,31,9.67741935483871
4215,34,36,-5.555555555555555
10850,39,64,-39.0625
5263,39,41,-4.878048780487805
12061,37,58,-36.206896551724135
4660,34,25,36.0
13166,34,27,25.925925925925924
7571,37,45,-17.77777777777778
8753,38,57,-33.33333333333333
4348,39,21,85.71428571428571
8997,34,25,36.0
4035,37,21,76.19047619047619
5321,34,63,-46.03174603174603
10837,37,25,48.0
10657,34,25,36.0
1730,42,25,68.0
8514,37,60,-38.333333333333336
9443,34,31,9.67741935483871
119,37,22,68.18181818181817
11943,37,23,60.86956521739131
4347,34,61,-44.26229508196721
13090,42,21,100.0
10170,39,63,-38.095238095238095
8346,39,43,-9.30232558139535
10686,34,50,-32.0
8462,37,29,27.586206896551722
10051,39,32,21.875
8426,34,28,21.428571428571427
747,37,29,27.586206896551722
3275,38,25,52.0
9963,39,60,-35.0
12820,37,53,-30.18867924528302
657,34,40,-15.0
11986,39,29,34.48275862068966
10410,34,30,13.333333333333334
2899,34,62,-45.16129032258064
1483,39,48,-18.75
10345,39,61,-36.0655737704918
10863,37,42,-11.904761904761903
8813,39,22,77.27272727272727
3469,39,45,-13.333333333333334
1740,34,32,6.25
3652,37,29,27.586206896551722
1786,34,21,61.904761904761905
704,34,55,-38.18181818181819
8211,39,62,-37.096774193548384
9164,34,34,0.0
868,39,22,77.27272727272727
357,39,24,62.5
12303,42,26,61.53846153846154
2753,42,21,100.0
5337,37,36,2.7777777777777777
10841,37,51,-27.450980392156865
12567,39,62,-37.096774193548384
150,34,56,-39.285714285714285
2020,39,56,-30.357142857142854
4064,34,63,-46.03174603174603
2582,37,28,32.142857142857146
6141,39,30,30.0
4442,34,29,17.24137931034483
3679,34,45,-24.444444444444443
6018,34,21,61.904761904761905
5020,37,23,60.86956521739131
8165,37,41,-9.75609756097561
5900,34,42,-19.047619047619047
9404,34,57,-40.35087719298245
12871,34,25,36.0
8922,34,25,36.0
4328,37,31,19.35483870967742
6586,37,37,0.0
3045,34,30,13.333333333333334
6182,42,35,20.0
1010,34,46,-26.08695652173913
3027,39,24,62.5
3425,37,29,27.586206896551722
772,39,48,-18.75
2218,37,30,23.333333333333332
8614,38,26,46.15384615384615
9069,39,43,-9.30232558139535
2864,34,23,47.82608695652174
10116,39,52,-25.0
1491,34,60,-43.333333333333336
7053,37,38,-2.631578947368421
11337,34,28,21.428571428571427
1083,37,27,37.03703703703704
10067,39,34,14.705882352941178
9568,39,60,-35.0
10504,34,21,61.904761904761905
6290,38,60,-36.666666666666664
13199,37,49,-24.489795918367346
6071,37,36,2.7777777777777777
7745,39,43,-9.30232558139535
6843,34,23,47.82608695652174
3595,37,37,0.0
33,39,30,30.0
2012,39,50,-22.0
8798,34,63,-46.03174603174603
5761,39,39,0.0
468,34,28,21.428571428571427
9813,39,56,-30.357142857142854
3963,34,21,61.904761904761905
6431,37,22,68.18181818181817
1085,39,39,0.0
10648,39,31,25.806451612903224
1599,37,23,60.86956521739131
7038,39,24,62.5
5045,39,31,25.806451612903224
13317,34,25,36.0
3954,38,42,-9.523809523809524
7307,34,30,13.333333333333334
7068,34,30,13.333333333333334
1346,34,41,-17.073170731707318
9891,34,24,41.66666666666667
4299,34,56,-39.285714285714285
6306,37,22,68.18181818181817
11626,39,27,44.44444444444444
7865,37,36,2.7777777777777777
8660,34,24,41.66666666666667
11740,39,25,56.00000000000001
4884,37,21,76.19047619047619
10579,34,23,47.82608695652174
11633,37,31,19.35483870967742
177,37,55,-32.72727272727273
2884,34,21,61.904761904761905
9205,34,30,13.333333333333334
8908,34,39,-12.82051282051282
6083,34,29,17.24137931034483
10553,34,35,-2.857142857142857
902,38,48,-20.833333333333336
9747,34,33,3.0303030303030303
4963,39,22,77.27272727272727
6762,37,39,-5.128205128205128
3821,39,25,56.00000000000001
9332,34,35,-2.857142857142857
41,39,52,-25.0
13185,34,33,3.0303030303030303
10213,34,34,0.0
6311,37,56,-33.92857142857143
9881,34,32,6.25
10833,34,22,54.54545454545454
2714,39,61,-36.0655737704918
50,34,48,-29.166666666666668
10511,34,51,-33.33333333333333
10713,34,56,-39.285714285714285
11898,34,62,-45.16129032258064
11814,38,31,22.58064516129032
4073,39,23,69.56521739130434
9217,34,33,3.0303030303030303
4069,39,29,34.48275862068966
11803,37,61,-39.34426229508197
8382,34,38,-10.526315789473683
8479,39,42,-7.142857142857142
10999,37,37,0.0
13261,34,43,-20.930232558139537
9995,37,30,23.333333333333332
8274,39,63,-38.095238095238095
10834,37,41,-9.75609756097561
9460,34,21,61.904761904761905
1662,37,21,76.19047619047619
10190,34,33,3.0303030303030303
6271,34,27,25.925925925925924
2777,39,23,69.56521739130434
9716,34,21,61.904761904761905
12531,34,30,13.333333333333334
7435,39,28,39.285714285714285
8849,34,31,9.67741935483871
9584,34,39,-12.82051282051282
8793,37,25,48.0
10207,34,24,41.66666666666667
7450,39,60,-35.0
4641,39,62,-37.096774193548384
7945,37,25,48.0
5430,34,31,9.67741935483871
3166,39,55,-29.09090909090909
9296,42,51,-17.647058823529413
7433,34,60,-43.333333333333336
3207,34,31,9.67741935483871
396,34,22,54.54545454545454
167,37,39,-5.128205128205128
1516,34,27,25.925925925925924
3698,34,41,-17.073170731707318
7484,39,44,-11.363636363636363
12311,34,46,-26.08695652173913
1957,39,49,-20.408163265306122
2264,39,60,-35.0
1453,34,35,-2.857142857142857
10498,34,27,25.925925925925924
5306,37,52,-28.846153846153843
12092,38,62,-38.70967741935484
4653,37,23,60.86956521739131
12879,39,25,56.00000000000001
9541,34,31,9.67741935483871
8106,38,54,-29.629629629629626
5880,37,27,37.03703703703704
10256,34,24,41.66666666666667
434,34,22,54.54545454545454
1475,37,55,-32.72727272727273
11067,37,27,37.03703703703704
1655,38,21,80.95238095238095
1225,38,59,-35.59322033898305
3501,34,27,25.925925925925924
5564,39,64,-39.0625
2662,37,27,37.03703703703704
5385,39,21,85.71428571428571
10399,39,33,18.181818181818183
10297,39,42,-7.142857142857142
900,34,25,36.0
8568,37,38,-2.631578947368421
8925,34,24,41.66666666666667
12993,38,22,72.72727272727273
1430,39,25,56.00000000000001
4412,38,26,46.15384615384615
251,39,36,8.333333333333332
12349,34,25,36.0
13349,34,28,21.428571428571427
8710,34,25,36.0
1351,34,21,61.904761904761905
8940,34,41,-17.073170731707318
10192,34,32,6.25
10781,34,40,-15.0
4785,37,22,68.18181818181817
3891,34,43,-20.930232558139537
9669,39,32,21.875
925,37,21,76.19047619047619
4191,37,33,12.121212121212121
1383,34,25,36.0
149,37,23,60.86956521739131
11882,38,21,80.95238095238095
8300,37,26,42.30769230769231
9938,39,25,56.00000000000001
7852,37,40,-7.5
3465,39,44,-11.363636363636363
3689,39,24,62.5
4123,39,24,62.5
1178,34,62,-45.16129032258064
1965,34,36,-5.555555555555555
9132,34,56,-39.285714285714285
200,34,21,61.904761904761905
4706,37,21,76.19047619047619
8229,34,34,0.0
7306,38,29,31.03448275862069
763,34,52,-34.61538461538461
4147,34,60,-43.333333333333336
1078,37,21,76.19047619047619
3312,37,51,-27.450980392156865
1217,34,27,25.925925925925924
12513,38,58,-34.48275862068966
12335,34,29,17.24137931034483
1807,34,21,61.904761904761905
2746,34,37,-8.108108108108109
8743,34,25,36.0
13146,34,63,-46.03174603174603
12996,37,55,-32.72727272727273
9909,39,35,11.428571428571429
7798,39,57,-31.57894736842105
3455,34,50,-32.0
10452,38,42,-9.523809523809524
10279,38,50,-24.0
13390,38,64,-40.625
5022,39,26,50.0
1791,34,25,36.0
83,37,21,76.19047619047619
5353,37,25,48.0
4320,37,45,-17.77777777777778
5931,34,64,-46.875
12596,37,27,37.03703703703704
4509,34,44,-22.727272727272727
4329,34,63,-46.03174603174603
1493,37,35,5.714285714285714
6880,34,63,-46.03174603174603
3060,38,53,-28.30188679245283
6948,38,27,40.74074074074074
7793,34,25,36.0
8741,34,27,25.925925925925924
429,37,39,-5.128205128205128
3781,38,60,-36.666666666666664
9391,34,22,54.54545454545454
9422,37,58,-36.206896551724135
11621,34,23,47.82608695652174
5597,37,21,76.19047619047619
4526,37,26,42.30769230769231
3948,37,53,-30.18867924528302
5403,39,26,50.0
3100,39,29,34.48275862068966
9311,34,21,61.904761904761905
6086,34,40,-15.0
2619,39,38,2.631578947368421
7974,39,40,-2.5
12884,37,46,-19.565217391304348
2501,34,25,36.0
7481,37,24,54.166666666666664
7503,38,50,-24.0
293,37,21,76.19047619047619
4475,38,41,-7.317073170731707
12016,34,24,41.66666666666667
7508,34,32,6.25
102,37,25,48.0
9432,34,28,21.428571428571427
3289,37,22,68.18181818181817
2270,37,27,37.03703703703704
9252,39,50,-22.0
10800,37,56,-33.92857142857143
9773,39,39,0.0
1320,39,37,5.405405405405405
3919,34,21,61.904761904761905
653,37,35,5.714285714285714
7700,34,36,-5.555555555555555
1602,37,29,27.586206896551722
6259,37,32,15.625
10993,39,54,-27.77777777777778
7712,34,25,36.0
6560,38,23,65.21739130434783
3751,34,40,-15.0
2456,37,60,-38.333333333333336
9901,38,64,-40.625
1002,38,24,58.333333333333336
9893,39,56,-30.357142857142854
7447,34,21,61.904761904761905
5706,34,54,-37.03703703703704
13322,34,21,61.904761904761905
13142,34,26,30.76923076923077
6818,39,23,69.56521739130434
1769,39,26,50.0
9774,34,59,-42.3728813559322
8786,39,25,56.00000000000001
9966,34,25,36.0
4879,34,21,61.904761904761905
7885,34,55,-38.18181818181819
9673,37,33,12.121212121212121
103,34,59,-42.3728813559322
7356,39,37,5.405405405405405
2448,34,44,-22.727272727272727
5404,37,41,-9.75609756097561
5952,34,38,-10.526315789473683
12679,39,47,-17.02127659574468
13354,38,55,-30.909090909090907
12781,34,21,61.904761904761905
6334,37,41,-9.75609756097561
8403,34,21,61.904761904761905
3421,34,22,54.54545454545454
10175,39,40,-2.5
6462,34,26,30.76923076923077
9199,39,26,50.0
647,39,45,-13.333333333333334
284,37,56,-33.92857142857143
10095,34,21,61.904761904761905
6482,39,23,69.56521739130434
2054,34,35,-2.857142857142857
3704,37,21,76.19047619047619
10421,37,58,-36.206896551724135
1226,34,37,-8.108108108108109
6069,34,27,25.925925925925924
5967,37,60,-38.333333333333336
5620,38,47,-19.148936170212767
4828,37,34,8.823529411764707
1261,39,48,-18.75
11234,37,57,-35.08771929824561
2595,39,60,-35.0
12384,38,47,-19.148936170212767
543,34,21,61.904761904761905
2019,34,24,41.66666666666667
4176,39,62,-37.096774193548384
9933,34,59,-42.3728813559322
9068,39,41,-4.878048780487805
8718,34,31,9.67741935483871
8421,39,40,-2.5
10306,34,22,54.54545454545454
8950,34,41,-17.073170731707318
741,39,21,85.71428571428571
7072,34,22,54.54545454545454
4783,37,29,27.586206896551722
8144,37,51,-27.450980392156865
2183,42,30,40.0
7550,37,21,76.19047619047619
10970,39,36,8.333333333333332
9260,34,37,-8.108108108108109
3132,34,32,6.25
7628,34,22,54.54545454545454
9231,37,23,60.86956521739131
1562,39,59,-33.89830508474576
4447,37,39,-5.128205128205128
3902,39,25,56.00000000000001
7078,34,24,41.66666666666667
4556,37,62,-40.32258064516129
8410,34,55,-38.18181818181819
2357,34,29,17.24137931034483
5369,38,23,65.21739130434783
8515,34,24,41.66666666666667
9294,38,55,-30.909090909090907
839,34,39,-12.82051282051282
11959,34,44,-22.727272727272727
11293,37,24,54.166666666666664
12306,34,40,-15.0
11747,39,47,-17.02127659574468
2201,37,29,27.586206896551722
8572,39,49,-20.408163265306122
1328,34,22,54.54545454545454
6454,39,62,-37.096774193548384
744,39,61,-36.0655737704918
4691,34,29,17.24137931034483
3942,34,43,-20.930232558139537
6341,42,48,-12.5
5677,37,62,-40.32258064516129
6177,37,25,48.0
9447,37,40,-7.5
12308,34,28,21.428571428571427
6870,39,22,77.27272727272727
7670,34,61,-44.26229508196721
1978,37,43,-13.953488372093023
10443,37,35,5.714285714285714
1705,39,51,-23.52941176470588
3299,37,27,37.03703703703704
6735,34,44,-22.727272727272727
2935,39,21,85.71428571428571
1586,34,26,30.76923076923077
4115,38,48,-20.833333333333336
8886,34,22,54.54545454545454
2929,37,21,76.19047619047619
5820,37,52,-28.846153846153843
7364,39,63,-38.095238095238095
9034,34,56,-39.285714285714285
4767,34,32,6.25
895,37,44,-15.909090909090908
13125,34,21,61.904761904761905
828,34,27,25.925925925925924
6051,37,21,76.19047619047619
1579,37,29,27.586206896551722
8218,38,22,72.72727272727273
6699,39,37,5.405405405405405
3545,34,48,-29.166666666666668
3449,38,39,-2.564102564102564
6014,38,61,-37.704918032786885
535,39,22,77.27272727272727
4896,38,57,-33.33333333333333
3542,39,61,-36.0655737704918
3694,34,21,61.904761904761905
3822,34,29,17.24137931034483
8499,34,29,17.24137931034483
11850,34,24,41.66666666666667
2470,37,23,60.86956521739131
3790,37,49,-24.489795918367346
6475,34,21,61.904761904761905
6092,39,31,25.806451612903224
10629,34,29,17.24137931034483
10338,37,21,76.19047619047619
11863,37,21,76.19047619047619
1043,39,22,77.27272727272727
1595,38,37,2.7027027027027026
6877,34,23,47.82608695652174
373,39,44,-11.363636363636363
11841,34,22,54.54545454545454
9544,37,39,-5.128205128205128
8774,39,48,-18.75
11282,34,22,54.54545454545454
5272,38,41,-7.317073170731707
2900,34,23,47.82608695652174
6849,39,64,-39.0625
6750,37,28,32.142857142857146
4527,34,21,61.904761904761905
10104,37,31,19.35483870967742
4010,37,38,-2.631578947368421
12519,37,62,-40.32258064516129
12250,34,26,30.76923076923077
4217,39,54,-27.77777777777778
3058,34,29,17.24137931034483
12195,34,42,-19.047619047619047
7085,39,53,-26.41509433962264
4768,34,61,-44.26229508196721
10494,34,36,-5.555555555555555
9386,34,30,13.333333333333334
1697,34,46,-26.08695652173913
9015,34,25,36.0
6479,39,27,44.44444444444444
7001,37,40,-7.5
2673,39,25,56.00000000000001
11737,34,22,54.54545454545454
6698,37,52,-28.846153846153843
11576,34,28,21.428571428571427
4400,38,22,72.72727272727273
4606,34,43,-20.930232558139537
12440,34,42,-19.047619047619047
7580,37,37,0.0
1373,34,25,36.0
4344,37,31,19.35483870967742
3573,34,27,25.925925925925924
9644,34,21,61.904761904761905
3208,34,60,-43.333333333333336
6571,34,23,47.82608695652174
3021,39,62,-37.096774193548384
6505,34,57,-40.35087719298245
9247,37,35,5.714285714285714
7048,38,24,58.333333333333336
12619,34,43,-20.930232558139537
676,37,21,76.19047619047619
11730,37,55,-32.72727272727273
10523,39,44,-11.363636363636363
921,37,21,76.19047619047619
6755,34,23,47.82608695652174
10723,34,40,-15.0
12951,34,30,13.333333333333334
221,37,49,-24.489795918367346
8513,37,28,32.142857142857146
12181,34,41,-17.073170731707318
12841,34,25,36.0
7254,39,46,-15.217391304347828
10622,34,32,6.25
9971,34,24,41.66666666666667
11845,39,56,-30.357142857142854
4718,37,21,76.19047619047619
333,39,41,-4.878048780487805
11833,34,54,-37.03703703703704
1950,34,21,61.904761904761905
9229,34,60,-43.333333333333336
10811,37,29,27.586206896551722
6682,34,21,61.904761904761905
6987,34,30,13.333333333333334
8196,39,45,-13.333333333333334
12899,34,22,54.54545454545454
8241,39,34,14.705882352941178
9209,34,38,-10.526315789473683
10790,37,50,-26.0
11054,34,64,-46.875
7104,39,31,25.806451612903224
8861,39,25,56.00000000000001
8794,37,24,54.166666666666664
3616,34,21,61.904761904761905
7188,37,28,32.142857142857146
724,37,60,-38.333333333333336
1323,39,25,56.00000000000001
3522,34,30,13.333333333333334
3833,39,37,5.405405405405405
6440,34,27,25.925925925925924
12252,39,33,18.181818181818183
8390,37,21,76.19047619047619
8225,39,35,11.428571428571429
8668,37,26,42.30769230769231
447,37,25,48.0
6975,34,31,9.67741935483871
5544,34,35,-2.857142857142857
9119,37,39,-5.128205128205128
6740,34,36,-5.555555555555555
13024,37,33,12.121212121212121
9265,34,45,-24.444444444444443
5130,37,30,23.333333333333332
9003,34,33,3.0303030303030303
8116,38,23,65.21739130434783
7407,39,41,-4.878048780487805
683,38,37,2.7027027027027026
10189,37,61,-39.34426229508197
875,39,58,-32.758620689655174
6576,37,23,60.86956521739131
8204,37,23,60.86956521739131
2910,34,33,3.0303030303030303
12610,34,53,-35.84905660377358
11510,34,44,-22.727272727272727
10990,37,23,60.86956521739131
5963,34,31,9.67741935483871
8248,34,32,6.25
5914,34,26,30.76923076923077
12771,34,29,17.24137931034483
9839,39,60,-35.0
3154,39,61,-36.0655737704918
3887,38,29,31.03448275862069
4031,37,22,68.18181818181817
6427,34,22,54.54545454545454
10500,34,21,61.904761904761905
3378,38,22,72.72727272727273
5527,38,50,-24.0
4722,34,30,13.333333333333334
5140,39,23,69.56521739130434
3984,39,58,-32.758620689655174
7030,39,53,-26.41509433962264
5598,37,26,42.30769230769231
1237,37,23,60.86956521739131
9869,34,36,-5.555555555555555
13173,37,28,32.142857142857146
101,38,25,52.0
2127,37,21,76.19047619047619
2459,34,37,-8.108108108108109
3898,34,22,54.54545454545454
6625,34,29,17.24137931034483
979,39,30,30.0
7367,34,52,-34.61538461538461
8118,37,26,42.30769230769231
3059,34,23,47.82608695652174
3297,34,29,17.24137931034483
13284,34,27,25.925925925925924
8222,34,24,41.66666666666667
1153,34,26,30.76923076923077
8128,37,26,42.30769230769231
13347,34,26,30.76923076923077
4457,39,21,85.71428571428571
2980,34,26,30.76923076923077
5547,39,60,-35.0
6705,34,64,-46.875
11839,37,21,76.19047619047619
8242,34,26,30.76923076923077
13179,34,23,47.82608695652174
7290,39,55,-29.09090909090909
8777,37,62,-40.32258064516129
4110,34,27,25.925925925925924
3323,34,27,25.925925925925924
5163,38,54,-29.629629629629626
13234,37,28,32.142857142857146
10466,39,30,30.0
19,37,21,76.19047619047619
11350,34,28,21.428571428571427
5264,34,26,30.76923076923077
7199,34,31,9.67741935483871
6472,37,26,42.30769230769231
2320,34,35,-2.857142857142857
1701,34,29,17.24137931034483
321,34,22,54.54545454545454
12321,34,27,25.925925925925924
1385,37,61,-39.34426229508197
2927,34,59,-42.3728813559322
6536,34,26,30.76923076923077
12398,34,24,41.66666666666667
9515,37,40,-7.5
8292,37,21,76.19047619047619
12179,34,45,-24.444444444444443
12369,34,31,9.67741935483871
8048,34,28,21.428571428571427
263,37,21,76.19047619047619
2966,37,54,-31.48148148148148
1634,34,64,-46.875
12870,37,22,68.18181818181817
2058,37,23,60.86956521739131
8470,34,28,21.428571428571427
2455,34,46,-26.08695652173913
7716,34,25,36.0
473,39,27,44.44444444444444
12654,37,23,60.86956521739131
11955,38,61,-37.704918032786885
10710,37,23,60.86956521739131
12854,34,51,-33.33333333333333
12855,34,46,-26.08695652173913
9441,38,57,-33.33333333333333
9883,37,22,68.18181818181817
2069,34,59,-42.3728813559322
7515,34,37,-8.108108108108109
8456,37,22,68.18181818181817
10162,37,64,-42.1875
6964,37,45,-17.77777777777778
9287,34,34,0.0
1433,34,24,41.66666666666667
10401,34,54,-37.03703703703704
2807,39,24,62.5
4046,34,25,36.0
5228,34,45,-24.444444444444443
11638,37,63,-41.269841269841265
3834,39,49,-20.408163265306122
9304,34,24,41.66666666666667
9822,34,22,54.54545454545454
9861,34,61,-44.26229508196721
3038,39,50,-22.0
4981,34,22,54.54545454545454
13051,39,62,-37.096774193548384
6827,37,48,-22.916666666666664
850,34,63,-46.03174603174603
12044,34,31,9.67741935483871
5019,34,27,25.925925925925924
1795,39,45,-13.333333333333334
3873,39,25,56.00000000000001
9867,37,26,42.30769230769231
1768,37,37,0.0
5181,34,24,41.66666666666667
4914,34,21,61.904761904761905
4617,37,30,23.333333333333332
9980,34,30,13.333333333333334
7095,39,42,-7.142857142857142
5278,39,45,-13.333333333333334
8496,34,23,47.82608695652174
967,34,48,-29.166666666666668
9012,39,61,-36.0655737704918
8469,39,55,-29.09090909090909
8726,37,61,-39.34426229508197
2628,37,21,76.19047619047619
95,34,41,-17.073170731707318
7966,34,40,-15.0
9767,34,32,6.25
10608,38,57,-33.33333333333333
12872,37,39,-5.128205128205128
5277,39,39,0.0
59,39,45,-13.333333333333334
11859,37,32,15.625
8917,34,26,30.76923076923077
9085,34,28,21.428571428571427
10482,34,24,41.66666666666667
3717,37,24,54.166666666666664
12552,37,24,54.166666666666664
5804,37,26,42.30769230769231
6858,34,22,54.54545454545454
4013,34,50,-32.0
461,34,28,21.428571428571427
6338,37,23,60.86956521739131
10099,34,29,17.24137931034483
2754,39,21,85.71428571428571
9469,37,62,-40.32258064516129
9419,34,27,25.925925925925924
5268,34,21,61.904761904761905
5038,39,26,50.0
7944,38,45,-15.555555555555555
6329,39,55,-29.09090909090909
9818,34,31,9.67741935483871
3550,34,23,47.82608695652174
10101,39,51,-23.52941176470588
5896,37,41,-9.75609756097561
10949,37,30,23.333333333333332
327,39,24,62.5
8398,34,26,30.76923076923077
1053,34,21,61.904761904761905
2344,37,57,-35.08771929824561
3193,34,34,0.0
12439,39,52,-25.0
6058,34,28,21.428571428571427
330,37,23,60.86956521739131
2677,34,28,21.428571428571427
11535,37,35,5.714285714285714
13047,37,26,42.30769230769231
613,34,21,61.904761904761905
1282,37,26,42.30769230769231
10562,37,26,42.30769230769231
9143,34,27,25.925925925925924
14,34,24,41.66666666666667
6884,37,61,-39.34426229508197
4081,39,39,0.0
4807,37,41,-9.75609756097561
8509,34,21,61.904761904761905
12436,34,60,-43.333333333333336
2310,37,26,42.30769230769231
10411,34,31,9.67741935483871
611,34,26,30.76923076923077
10772,37,24,54.166666666666664
8388,39,21,85.71428571428571
10056,37,64,-42.1875
9620,37,55,-32.72727272727273
5006,37,21,76.19047619047619
6032,39,39,0.0
11635,39,24,62.5
4040,34,22,54.54545454545454
5437,38,51,-25.49019607843137
1482,34,33,3.0303030303030303
6350,37,23,60.86956521739131
4256,39,46,-15.217391304347828
4240,39,50,-22.0
12064,34,22,54.54545454545454
6194,34,62,-45.16129032258064
8742,39,44,-11.363636363636363
4972,34,45,-24.444444444444443
2487,34,27,25.925925925925924
970,34,63,-46.03174603174603
11671,37,44,-15.909090909090908
11962,39,52,-25.0
13315,37,37,0.0
7534,39,61,-36.0655737704918
13141,34,28,21.428571428571427
11597,37,25,48.0
6693,39,57,-31.57894736842105
8500,37,21,76.19047619047619
7261,34,34,0.0
12901,37,21,76.19047619047619
7824,37,62,-40.32258064516129
3651,39,22,77.27272727272727
2122,34,54,-37.03703703703704
8692,34,24,41.66666666666667
8047,34,23,47.82608695652174
9538,34,60,-43.333333333333336
11813,34,23,47.82608695652174
4414,38,46,-17.391304347826086
10586,39,49,-20.408163265306122
2009,34,26,30.76923076923077
11388,34,36,-5.555555555555555
12836,34,59,-42.3728813559322
11585,37,62,-40.32258064516129
1166,34,41,-17.073170731707318
4851,34,28,21.428571428571427
2974,37,23,60.86956521739131
10835,34,28,21.428571428571427
9756,34,36,-5.555555555555555
3578,34,24,41.66666666666667
6442,39,22,77.27272727272727
5114,37,22,68.18181818181817
9871,37,22,68.18181818181817
2452,34,24,41.66666666666667
13195,39,51,-23.52941176470588
1111,34,23,47.82608695652174
4048,37,59,-37.28813559322034
708,37,41,-9.75609756097561
6500,34,24,41.66666666666667
10888,37,50,-26.0
12690,34,30,13.333333333333334
11176,34,22,54.54545454545454
10283,37,32,15.625
1347,34,29,17.24137931034483
9336,39,26,50.0
2483,37,23,60.86956521739131
10122,34,45,-24.444444444444443
10628,34,25,36.0
4462,39,23,69.56521739130434
1208,39,28,39.285714285714285
1964,34,28,21.428571428571427
424,39,27,44.44444444444444
554,39,35,11.428571428571429
944,39,62,-37.096774193548384
6209,37,26,42.30769230769231
8271,37,23,60.86956521739131
9552,38,64,-40.625
11648,34,62,-45.16129032258064
5531,34,23,47.82608695652174
10944,34,25,36.0
12478,37,43,-13.953488372093023
4407,38,60,-36.666666666666664
11953,37,41,-9.75609756097561
10904,39,58,-32.758620689655174
5815,34,39,-12.82051282051282
4003,34,23,47.82608695652174
3860,34,25,36.0
12112,34,39,-12.82051282051282
7698,34,25,36.0
3800,37,21,76.19047619047619
6666,37,43,-13.953488372093023
9144,37,37,0.0
10062,37,29,27.586206896551722
1530,34,27,25.925925925925924
6461,39,32,21.875
5340,38,22,72.72727272727273
7039,37,52,-28.846153846153843
68,37,56,-33.92857142857143
11588,34,53,-35.84905660377358
1684,39,57,-31.57894736842105
12012,37,29,27.586206896551722
7771,34,24,41.66666666666667
6831,37,28,32.142857142857146
11114,34,50,-32.0
7305,39,31,25.806451612903224
4184,34,28,21.428571428571427
10480,34,26,30.76923076923077
5503,38,22,72.72727272727273
12360,34,46,-26.08695652173913
3813,39,49,-20.408163265306122
12297,34,27,25.925925925925924
5524,34,35,-2.857142857142857
9240,34,55,-38.18181818181819
732,34,26,30.76923076923077
245,38,56,-32.142857142857146
12669,34,49,-30.612244897959183
4794,34,21,61.904761904761905
9570,34,61,-44.26229508196721
8170,34,54,-37.03703703703704
9494,39,47,-17.02127659574468
2932,34,35,-2.857142857142857
10315,34,37,-8.108108108108109
12551,34,34,0.0
2366,34,33,3.0303030303030303
11043,38,52,-26.923076923076923
8645,38,23,65.21739130434783
6518,37,23,60.86956521739131
673,42,52,-19.230769230769234
3445,34,28,21.428571428571427
7895,38,62,-38.70967741935484
10565,34,62,-45.16129032258064
476,39,48,-18.75
9657,37,45,-17.77777777777778
6452,34,62,-45.16129032258064
2968,38,57,-33.33333333333333
9284,34,48,-29.166666666666668
4834,34,23,47.82608695652174
9320,39,21,85.71428571428571
9529,34,63,-46.03174603174603
9272,37,25,48.0
12792,34,30,13.333333333333334
1508,39,38,2.631578947368421
8574,34,28,21.428571428571427
1923,37,21,76.19047619047619
8223,37,24,54.166666666666664
12295,39,59,-33.89830508474576
5563,37,39,-5.128205128205128
1880,39,36,8.333333333333332
6387,34,30,13.333333333333334
9239,37,37,0.0
5015,34,25,36.0
9473,37,27,37.03703703703704
6286,37,63,-41.269841269841265
812,34,21,61.904761904761905
8900,34,34,0.0
5358,34,28,21.428571428571427
4119,34,56,-39.285714285714285
5727,39,34,14.705882352941178
6977,34,21,61.904761904761905
10626,39,37,5.405405405405405
6853,34,31,9.67741935483871
3570,39,26,50.0
10386,39,24,62.5
6319,34,60,-43.333333333333336
1427,38,43,-11.627906976744185
4786,37,51,-27.450980392156865
5494,37,24,54.166666666666664
13244,38,60,-36.666666666666664
1665,34,22,54.54545454545454
10485,38,25,52.0
2232,37,55,-32.72727272727273
1413,37,27,37.03703703703704
114,34,34,0.0
6567,39,43,-9.30232558139535
2519,39,47,-17.02127659574468
4877,39,44,-11.363636363636363
6984,34,22,54.54545454545454
230,34,51,-33.33333333333333
7200,39,28,39.285714285714285
13240,37,45,-17.77777777777778
7601,39,47,-17.02127659574468
7383,39,43,-9.30232558139535
12314,34,44,-22.727272727272727
1520,34,39,-12.82051282051282
6747,34,34,0.0
214,38,27,40.74074074074074
5309,34,62,-45.16129032258064
5034,37,31,19.35483870967742
3837,34,21,61.904761904761905
5219,34,26,30.76923076923077
5890,37,35,5.714285714285714
696,37,27,37.03703703703704
6499,34,36,-5.555555555555555
9213,34,29,17.24137931034483
4245,37,23,60.86956521739131
6495,34,27,25.925925925925924
6956,34,30,13.333333333333334
6703,39,37,5.405405405405405
11353,37,61,-39.34426229508197
4540,34,30,13.333333333333334
9056,38,21,80.95238095238095
2412,34,23,47.82608695652174
2439,37,22,68.18181818181817
10491,34,25,36.0
4393,34,24,41.66666666666667
2818,34,44,-22.727272727272727
7248,34,23,47.82608695652174
6786,38,22,72.72727272727273
3794,37,23,60.86956521739131
736,39,57,-31.57894736842105
5577,37,41,-9.75609756097561
5076,38,26,46.15384615384615
12248,37,37,0.0
2596,38,60,-36.666666666666664
1744,39,23,69.56521739130434
12202,37,57,-35.08771929824561
9855,39,28,39.285714285714285
5376,39,21,85.71428571428571
1498,38,28,35.714285714285715
6084,34,21,61.904761904761905
8506,39,30,30.0
10581,39,35,11.428571428571429
10144,38,54,-29.629629629629626
2609,39,49,-20.408163265306122
31,34,26,30.76923076923077
7931,39,45,-13.333333333333334
4561,39,21,85.71428571428571
6377,38,47,-19.148936170212767
10241,37,41,-9.75609756097561
3881,34,22,54.54545454545454
5220,39,37,5.405405405405405
3231,39,36,8.333333333333332
12604,34,50,-32.0
3601,37,21,76.19047619047619
2954,37,25,48.0
11429,37,46,-19.565217391304348
3037,34,26,30.76923076923077
9887,34,22,54.54545454545454
483,34,50,-32.0
4301,37,34,8.823529411764707
2407,38,27,40.74074074074074
7246,34,22,54.54545454545454
4023,38,35,8.571428571428571
7934,37,28,32.142857142857146
12876,38,57,-33.33333333333333
11744,37,49,-24.489795918367346
3755,34,21,61.904761904761905
2119,34,34,0.0
10451,34,26,30.76923076923077
4693,34,58,-41.37931034482759
3563,34,27,25.925925925925924
13272,37,24,54.166666666666664
2527,37,24,54.166666666666664
13331,34,26,30.76923076923077
13112,37,57,-35.08771929824561
12746,38,53,-28.30188679245283
5502,34,22,54.54545454545454
10520,34,61,-44.26229508196721
13057,34,26,30.76923076923077
299,37,25,48.0
5106,39,34,14.705882352941178
9448,34,30,13.333333333333334
1408,39,61,-36.0655737704918
7076,39,40,-2.5
5008,34,30,13.333333333333334
2447,39,40,-2.5
8651,39,39,0.0
6243,39,42,-7.142857142857142
1414,39,40,-2.5
1783,34,21,61.904761904761905
499,38,61,-37.704918032786885
668,39,56,-30.357142857142854
8083,37,61,-39.34426229508197
11188,34,41,-17.073170731707318
5465,37,34,8.823529411764707
12426,39,25,56.00000000000001
1580,34,24,41.66666666666667
11290,37,32,15.625
12141,37,26,42.30769230769231
5035,34,27,25.925925925925924
7459,37,43,-13.953488372093023
6252,37,29,27.586206896551722
303,39,30,30.0
13348,34,61,-44.26229508196721
6151,34,55,-38.18181818181819
1018,37,35,5.714285714285714
4098,37,43,-13.953488372093023
2417,39,38,2.631578947368421
9598,37,24,54.166666666666664
6385,37,61,-39.34426229508197
4742,39,23,69.56521739130434
12927,37,47,-21.27659574468085
8019,34,31,9.67741935483871
2055,39,60,-35.0
13365,37,53,-30.18867924528302
13006,37,53,-30.18867924528302
5371,34,30,13.333333333333334
11250,38,36,5.555555555555555
4750,37,55,-32.72727272727273
6577,37,46,-19.565217391304348
6939,34,22,54.54545454545454
3599,34,22,54.54545454545454
10288,39,28,39.285714285714285
6270,38,58,-34.48275862068966
12909,39,29,34.48275862068966
6670,34,25,36.0
4193,34,36,-5.555555555555555
9602,37,45,-17.77777777777778
1935,34,22,54.54545454545454
11893,34,64,-46.875
8061,34,37,-8.108108108108109
1068,39,61,-36.0655737704918
13363,34,38,-10.526315789473683
8657,38,31,22.58064516129032
9603,37,29,27.586206896551722
7007,37,53,-30.18867924528302
10884,34,40,-15.0
8396,39,22,77.27272727272727
5893,34,40,-15.0
10820,37,28,32.142857142857146
13300,39,26,50.0
8216,37,32,15.625
2351,34,31,9.67741935483871
11538,34,23,47.82608695652174
7926,34,61,-44.26229508196721
465,37,27,37.03703703703704
3546,34,35,-2.857142857142857
1720,39,26,50.0
6883,37,55,-32.72727272727273
3411,38,40,-5.0
6393,39,21,85.71428571428571
7559,34,36,-5.555555555555555
5400,38,63,-39.682539682539684
12698,37,22,68.18181818181817
8296,37,44,-15.909090909090908
11131,37,32,15.625
8493,37,39,-5.128205128205128
5948,34,23,47.82608695652174
1747,34,51,-33.33333333333333
11870,37,52,-28.846153846153843
4779,34,23,47.82608695652174
4665,37,39,-5.128205128205128
3468,38,50,-24.0
2478,37,29,27.586206896551722
2704,34,55,-38.18181818181819
420,37,64,-42.1875
4308,34,25,36.0
11693,39,49,-20.408163265306122
12887,38,53,-28.30188679245283
6494,37,21,76.19047619047619
3024,34,23,47.82608695652174
1047,34,24,41.66666666666667
10393,34,25,36.0
856,34,23,47.82608695652174
8778,34,23,47.82608695652174
8166,34,37,-8.108108108108109
10507,38,57,-33.33333333333333
9170,37,21,76.19047619047619
11732,39,38,2.631578947368421
13258,34,60,-43.333333333333336
914,39,51,-23.52941176470588
4459,39,50,-22.0
11117,37,51,-27.450980392156865
8052,34,24,41.66666666666667
7074,34,36,-5.555555555555555
1989,37,21,76.19047619047619
10245,34,51,-33.33333333333333
1139,39,33,18.181818181818183
5267,34,27,25.925925925925924
9305,34,30,13.333333333333334
1954,34,44,-22.727272727272727
820,39,54,-27.77777777777778
1643,34,22,54.54545454545454
5809,34,29,17.24137931034483
3509,39,47,-17.02127659574468
7822,34,34,0.0
107,34,27,25.925925925925924
2081,37,57,-35.08771929824561
7664,37,64,-42.1875
367,37,29,27.586206896551722
6258,39,50,-22.0
4989,39,57,-31.57894736842105
3611,34,24,41.66666666666667
5781,34,32,6.25
11515,34,21,61.904761904761905
8727,37,34,8.823529411764707
3745,34,27,25.925925925925924
6512,34,31,9.67741935483871
9862,39,34,14.705882352941178
8803,34,26,30.76923076923077
217,34,21,61.904761904761905
7107,38,37,2.7027027027027026
9659,39,43,-9.30232558139535
11999,37,58,-36.206896551724135
3708,39,25,56.00000000000001
3571,34,61,-44.26229508196721
9840,39,21,85.71428571428571
12107,37,60,-38.333333333333336
510,38,63,-39.682539682539684
700,34,29,17.24137931034483
1713,37,48,-22.916666666666664
169,37,54,-31.48148148148148
4862,34,53,-35.84905660377358
5711,34,28,21.428571428571427
8057,37,40,-7.5
11058,37,32,15.625
1277,38,21,80.95238095238095
573,39,24,62.5
12070,39,51,-23.52941176470588
39,34,27,25.925925925925924
9709,39,22,77.27272727272727
7717,37,31,19.35483870967742
5674,39,31,25.806451612903224
6920,34,45,-24.444444444444443
12640,39,26,50.0
2177,37,48,-22.916666666666664
13111,37,22,68.18181818181817
932,37,33,12.121212121212121
3585,39,57,-31.57894736842105
3647,37,44,-15.909090909090908
3116,37,36,2.7777777777777777
3429,39,49,-20.408163265306122
2471,37,27,37.03703703703704
1496,39,27,44.44444444444444
3910,37,21,76.19047619047619
2167,34,25,36.0
346,39,44,-11.363636363636363
5397,38,23,65.21739130434783
3678,37,49,-24.489795918367346
5803,34,30,13.333333333333334
474,34,46,-26.08695652173913
3015,37,25,48.0
4542,39,49,-20.408163265306122
3559,34,34,0.0
12651,37,29,27.586206896551722
11526,39,23,69.56521739130434
11423,38,50,-24.0
3107,34,41,-17.073170731707318
7598,37,21,76.19047619047619
1617,34,28,21.428571428571427
1402,39,45,-13.333333333333334
5459,37,35,5.714285714285714
9060,39,49,-20.408163265306122
6074,39,39,0.0
1650,39,55,-29.09090909090909
4170,39,38,2.631578947368421
1743,39,55,-29.09090909090909
6187,34,30,13.333333333333334
4165,34,56,-39.285714285714285
9978,34,32,6.25
3780,34,23,47.82608695652174
4019,34,46,-26.08695652173913
11094,38,61,-37.704918032786885
971,34,32,6.25
13241,34,27,25.925925925925924
11376,34,36,-5.555555555555555
13098,37,62,-40.32258064516129
12643,39,33,18.181818181818183
6886,39,30,30.0
5146,34,46,-26.08695652173913
7988,39,55,-29.09090909090909
7969,34,26,30.76923076923077
7731,34,32,6.25
1201,34,24,41.66666666666667
4024,39,31,25.806451612903224
13148,34,36,-5.555555555555555
6706,37,26,42.30769230769231
9257,34,59,-42.3728813559322
6348,34,26,30.76923076923077
4952,37,61,-39.34426229508197
36,34,21,61.904761904761905
11066,39,25,56.00000000000001
1623,34,31,9.67741935483871
3528,34,31,9.67741935483871
6844,34,22,54.54545454545454
8663,37,62,-40.32258064516129
12246,34,26,30.76923076923077
3169,34,42,-19.047619047619047
5061,34,49,-30.612244897959183
2337,39,62,-37.096774193548384
12601,37,22,68.18181818181817
4106,34,21,61.904761904761905
6373,39,25,56.00000000000001
8781,34,22,54.54545454545454
2290,34,48,-29.166666666666668
2117,37,26,42.30769230769231
3288,37,57,-35.08771929824561
8254,37,40,-7.5
3316,34,26,30.76923076923077
2742,34,48,-29.166666666666668
1766,34,39,-12.82051282051282
4738,37,37,0.0
10935,37,29,27.586206896551722
1945,37,27,37.03703703703704
1288,37,57,-35.08771929824561
6973,37,28,32.142857142857146
5042,34,28,21.428571428571427
8610,39,61,-36.0655737704918
12078,34,27,25.925925925925924
7530,34,51,-33.33333333333333
9293,38,54,-29.629629629629626
10309,34,22,54.54545454545454
2796,34,30,13.333333333333334
10468,34,46,-26.08695652173913
11095,39,21,85.71428571428571
8451,39,33,18.181818181818183
9030,34,61,-44.26229508196721
11571,34,46,-26.08695652173913
3077,34,26,30.76923076923077
11241,34,29,17.24137931034483
12386,34,62,-45.16129032258064
5857,39,34,14.705882352941178
4789,34,23,47.82608695652174
3379,34,52,-34.61538461538461
8318,38,22,72.72727272727273
8839,37,61,-39.34426229508197
9236,34,62,-45.16129032258064
1350,39,47,-17.02127659574468
10651,34,23,47.82608695652174
1327,37,30,23.333333333333332
9387,34,43,-20.930232558139537
7899,39,21,85.71428571428571
11270,34,52,-34.61538461538461
2144,37,22,68.18181818181817
6601,39,30,30.0
3527,34,21,61.904761904761905
210,34,34,0.0
12205,38,47,-19.148936170212767
7317,39,34,14.705882352941178
651,37,22,68.18181818181817
1593,38,45,-15.555555555555555
2611,34,25,36.0
11326,34,36,-5.555555555555555
637,34,25,36.0
5466,39,60,-35.0
1396,34,51,-33.33333333333333
4007,37,21,76.19047619047619
4333,34,26,30.76923076923077
3975,37,47,-21.27659574468085
1670,39,44,-11.363636363636363
5304,39,26,50.0
12029,34,23,47.82608695652174
4521,34,60,-43.333333333333336
4602,34,48,-29.166666666666668
12413,39,33,18.181818181818183
7308,37,52,-28.846153846153843
9377,34,25,36.0
9345,34,50,-32.0
9718,37,22,68.18181818181817
9527,39,33,18.181818181818183
7847,38,59,-35.59322033898305
7562,37,32,15.625
5639,38,24,58.333333333333336
6070,34,27,25.925925925925924
9070,37,21,76.19047619047619
1470,34,27,25.925925925925924
3069,34,21,61.904761904761905
484,37,22,68.18181818181817
8060,39,39,0.0
2316,37,33,12.121212121212121
898,39,27,44.44444444444444
1732,34,44,-22.727272727272727
398,39,31,25.806451612903224
11505,37,21,76.19047619047619
4519,37,51,-27.450980392156865
908,34,25,36.0
6214,39,59,-33.89830508474576
9627,39,32,21.875
2820,39,24,62.5
4325,34,48,-29.166666666666668
592,34,30,13.333333333333334
1250,34,30,13.333333333333334
9941,34,36,-5.555555555555555
2536,34,26,30.76923076923077
12846,34,26,30.76923076923077
12085,34,33,3.0303030303030303
11913,37,24,54.166666666666664
13314,39,28,39.285714285714285
8209,37,22,68.18181818181817
8034,34,28,21.428571428571427
2444,39,56,-30.357142857142854
13226,34,36,-5.555555555555555
6850,37,62,-40.32258064516129
6186,39,63,-38.095238095238095
4353,34,28,21.428571428571427
764,34,35,-2.857142857142857
10594,34,28,21.428571428571427
582,38,58,-34.48275862068966
3433,34,21,61.904761904761905
11982,37,64,-42.1875
12334,34,39,-12.82051282051282
2128,34,58,-41.37931034482759
9285,39,43,-9.30232558139535
6415,39,21,85.71428571428571
2215,39,39,0.0
1870,37,52,-28.846153846153843
12484,37,38,-2.631578947368421
7439,39,48,-18.75
5723,34,55,-38.18181818181819
6965,34,60,-43.333333333333336
738,34,50,-32.0
11432,37,22,68.18181818181817
1984,34,64,-46.875
13168,34,27,25.925925925925924
2485,34,56,-39.285714285714285
3344,34,21,61.904761904761905
7711,34,55,-38.18181818181819
6041,34,25,36.0
9359,34,25,36.0
7563,34,40,-15.0
12332,37,48,-22.916666666666664
5453,34,56,-39.285714285714285
8655,34,34,0.0
12139,34,64,-46.875
11840,34,21,61.904761904761905
750,34,27,25.925925925925924
7342,37,25,48.0
5909,34,60,-43.333333333333336
8674,37,21,76.19047619047619
4313,34,26,30.76923076923077
2036,37,21,76.19047619047619
1839,34,21,61.904761904761905
9412,37,23,60.86956521739131
1035,37,54,-31.48148148148148
1275,34,21,61.904761904761905
2390,38,39,-2.564102564102564
11647,37,57,-35.08771929824561
12827,39,64,-39.0625
6066,37,22,68.18181818181817
9319,34,33,3.0303030303030303
6522,34,27,25.925925925925924
2996,37,42,-11.904761904761903
13340,37,22,68.18181818181817
10039,37,55,-32.72727272727273
4291,37,24,54.166666666666664
8414,42,40,5.0
5284,39,22,77.27272727272727
2798,39,34,14.705882352941178
2876,39,39,0.0
9652,39,40,-2.5
2095,37,60,-38.333333333333336
1369,37,46,-19.565217391304348
740,34,61,-44.26229508196721
2442,39,30,30.0
8376,37,43,-13.953488372093023
1188,34,37,-8.108108108108109
5145,37,41,-9.75609756097561
1570,39,27,44.44444444444444
7585,37,28,32.142857142857146
2473,37,23,60.86956521739131
9001,37,22,68.18181818181817
5440,34,46,-26.08695652173913
1981,34,27,25.925925925925924
11941,37,36,2.7777777777777777
12074,39,60,-35.0
7767,34,36,-5.555555555555555
4450,39,31,25.806451612903224
2057,37,22,68.18181818181817
4502,34,44,-22.727272727272727
4058,37,24,54.166666666666664
10465,34,60,-43.333333333333336
9927,37,61,-39.34426229508197
10244,39,37,5.405405405405405
6902,37,61,-39.34426229508197
5202,39,31,25.806451612903224
11124,39,21,85.71428571428571
3474,39,27,44.44444444444444
7310,37,21,76.19047619047619
7968,39,31,25.806451612903224
11300,34,51,-33.33333333333333
9837,34,59,-42.3728813559322
562,37,26,42.30769230769231
4638,34,42,-19.047619047619047
10771,34,21,61.904761904761905
7911,34,27,25.925925925925924
1669,37,28,32.142857142857146
11950,34,46,-26.08695652173913
11221,37,38,-2.631578947368421
12565,39,22,77.27272727272727
8880,37,30,23.333333333333332
3437,39,39,0.0
8893,37,24,54.166666666666664
10838,39,22,77.27272727272727
8911,34,26,30.76923076923077
4102,37,27,37.03703703703704
9613,37,24,54.166666666666664
4105,34,28,21.428571428571427
180,37,23,60.86956521739131
7551,34,28,21.428571428571427
7524,34,52,-34.61538461538461
5519,37,25,48.0
1955,37,21,76.19047619047619
1057,34,28,21.428571428571427
9668,34,29,17.24137931034483
7505,34,33,3.0303030303030303
1399,34,45,-24.444444444444443
8938,39,52,-25.0
4454,34,33,3.0303030303030303
5444,34,26,30.76923076923077
7301,37,63,-41.269841269841265
8852,38,41,-7.317073170731707
10531,37,23,60.86956521739131
1210,34,33,3.0303030303030303
6596,37,21,76.19047619047619
4231,34,58,-41.37931034482759
12422,34,25,36.0
9612,34,26,30.76923076923077
4863,34,24,41.66666666666667
4192,39,23,69.56521739130434
12590,37,26,42.30769230769231
9642,37,38,-2.631578947368421
8757,39,60,-35.0
6247,34,63,-46.03174603174603
4233,38,62,-38.70967741935484
1434,37,26,42.30769230769231
13376,34,53,-35.84905660377358
92,34,25,36.0
6908,34,26,30.76923076923077
12014,38,31,22.58064516129032
4100,34,52,-34.61538461538461
11880,37,41,-9.75609756097561
12712,34,21,61.904761904761905
11264,39,22,77.27272727272727
13358,39,30,30.0
12668,34,21,61.904761904761905
5062,37,22,68.18181818181817
4629,34,31,9.67741935483871
10660,37,21,76.19047619047619
1084,37,25,48.0
428,37,62,-40.32258064516129
11360,37,28,32.142857142857146
4890,38,39,-2.564102564102564
9406,34,23,47.82608695652174
10424,34,30,13.333333333333334
5245,34,26,30.76923076923077
408,34,48,-29.166666666666668
6053,38,22,72.72727272727273
1608,34,32,6.25
8540,39,37,5.405405405405405
5748,34,39,-12.82051282051282
2631,34,21,61.904761904761905
4536,39,41,-4.878048780487805
11942,37,28,32.142857142857146
8236,34,63,-46.03174603174603
3846,34,22,54.54545454545454
13285,39,29,34.48275862068966
949,34,43,-20.930232558139537
2157,39,41,-4.878048780487805
12435,34,23,47.82608695652174
5800,39,24,62.5
11934,37,63,-41.269841269841265
6130,34,62,-45.16129032258064
7201,34,26,30.76923076923077
8184,34,23,47.82608695652174
9740,38,27,40.74074074074074
12389,39,57,-31.57894736842105
12591,39,48,-18.75
2325,38,31,22.58064516129032
1421,37,25,48.0
12908,34,22,54.54545454545454
6569,37,23,60.86956521739131
819,38,44,-13.636363636363635
7471,34,25,36.0
12489,37,64,-42.1875
3079,37,21,76.19047619047619
10637,39,28,39.285714285714285
10038,39,60,-35.0
3251,34,48,-29.166666666666668
1285,34,21,61.904761904761905
8764,38,24,58.333333333333336
10416,39,56,-30.357142857142854
12011,37,61,-39.34426229508197
10576,37,56,-33.92857142857143
1091,34,21,61.904761904761905
5350,37,36,2.7777777777777777
73,39,60,-35.0
5155,38,60,-36.666666666666664
6161,38,51,-25.49019607843137
9594,34,36,-5.555555555555555
5389,34,27,25.925925925925924
4096,34,26,30.76923076923077
291,34,38,-10.526315789473683
11673,39,58,-32.758620689655174
9482,34,61,-44.26229508196721
9264,34,31,9.67741935483871
2089,34,22,54.54545454545454
3461,39,37,5.405405405405405
1801,34,24,41.66666666666667
12272,34,64,-46.875
6508,34,37,-8.108108108108109
4139,34,41,-17.073170731707318
6492,37,56,-33.92857142857143
318,37,42,-11.904761904761903
3508,34,21,61.904761904761905
8025,37,26,42.30769230769231
9364,37,21,76.19047619047619
2924,34,63,-46.03174603174603
1825,38,24,58.333333333333336
4292,39,27,44.44444444444444
2238,34,51,-33.33333333333333
6062,38,43,-11.627906976744185
4250,34,36,-5.555555555555555
12759,39,38,2.631578947368421
9099,34,27,25.925925925925924
3221,34,28,21.428571428571427
9316,37,39,-5.128205128205128
12397,39,47,-17.02127659574468
1830,38,39,-2.564102564102564
3184,34,26,30.76923076923077
85,34,48,-29.166666666666668
6081,37,52,-28.846153846153843
1219,37,62,-40.32258064516129
2788,38,61,-37.704918032786885
4015,37,40,-7.5
5595,34,29,17.24137931034483
7309,34,53,-35.84905660377358
9902,38,58,-34.48275862068966
5955,39,45,-13.333333333333334
4429,34,29,17.24137931034483
594,37,36,2.7777777777777777
10285,34,32,6.25
3519,34,63,-46.03174603174603
10903,39,26,50.0
12008,34,52,-34.61538461538461
7953,34,26,30.76923076923077
12987,39,38,2.631578947368421
12548,38,39,-2.564102564102564
9511,39,23,69.56521739130434
61,39,31,25.806451612903224
4672,34,46,-26.08695652173913
3482,37,47,-21.27659574468085
12878,34,24,41.66666666666667
3016,39,27,44.44444444444444
10606,39,21,85.71428571428571
11063,34,25,36.0
9297,39,26,50.0
9512,38,24,58.333333333333336
13288,34,21,61.904761904761905
3424,39,32,21.875
10776,34,41,-17.073170731707318
2534,34,53,-35.84905660377358
958,39,45,-13.333333333333334
11884,39,23,69.56521739130434
1513,34,61,-44.26229508196721
5665,37,25,48.0
1479,37,31,19.35483870967742
10115,34,36,-5.555555555555555
13063,37,22,68.18181818181817
5707,38,56,-32.142857142857146
12535,34,21,61.904761904761905
8075,39,45,-13.333333333333334
4464,42,27,55.55555555555556
2348,34,36,-5.555555555555555
9201,34,25,36.0
4950,37,40,-7.5
10913,39,51,-23.52941176470588
5079,34,50,-32.0
13037,37,26,42.30769230769231
3938,34,25,36.0
11285,34,24,41.66666666666667
11729,37,21,76.19047619047619
127,34,28,21.428571428571427
12454,37,44,-15.909090909090908
3921,34,61,-44.26229508196721
10371,39,31,25.806451612903224
6562,37,59,-37.28813559322034
8971,37,23,60.86956521739131
11661,39,28,39.285714285714285
5646,39,21,85.71428571428571
12522,34,23,47.82608695652174
275,37,34,8.823529411764707
4125,34,36,-5.555555555555555
10533,39,23,69.56521739130434
1272,37,44,-15.909090909090908
2848,37,31,19.35483870967742
2805,34,32,6.25
2303,37,21,76.19047619047619
6388,37,57,-35.08771929824561
1897,37,21,76.19047619047619
7047,37,51,-27.450980392156865
11644,39,25,56.00000000000001
13150,34,39,-12.82051282051282
7018,37,24,54.166666666666664
5846,37,43,-13.953488372093023
715,39,50,-22.0
9425,34,25,36.0
4030,37,23,60.86956521739131
1118,37,60,-38.333333333333336
7501,37,25,48.0
11195,39,41,-4.878048780487805
5609,34,48,-29.166666666666668
12958,34,25,36.0
4714,34,29,17.24137931034483
6896,39,62,-37.096774193548384
10359,37,27,37.03703703703704
4205,37,22,68.18181818181817
8206,39,41,-4.878048780487805
4501,38,33,15.151515151515152
12929,38,39,-2.564102564102564
2405,37,27,37.03703703703704
8747,37,55,-32.72727272727273
10911,37,45,-17.77777777777778
1864,34,29,17.24137931034483
7782,34,32,6.25
7366,39,50,-22.0
3540,34,22,54.54545454545454
2992,39,30,30.0
6301,39,21,85.71428571428571
12885,38,55,-30.909090909090907
733,37,26,42.30769230769231
5259,34,62,-45.16129032258064
11873,37,25,48.0
4209,34,28,21.428571428571427
12656,39,51,-23.52941176470588
11772,39,23,69.56521739130434
10665,34,22,54.54545454545454
8943,34,42,-19.047619047619047
10036,39,31,25.806451612903224
13031,37,37,0.0
6435,34,52,-34.61538461538461
3710,39,35,11.428571428571429
8772,34,24,41.66666666666667
10072,38,40,-5.0
4921,34,62,-45.16129032258064
5250,34,24,41.66666666666667
13353,37,51,-27.450980392156865
2554,34,36,-5.555555555555555
11405,39,22,77.27272727272727
9426,34,37,-8.108108108108109
12128,39,27,44.44444444444444
8678,38,43,-11.627906976744185
6192,34,30,13.333333333333334
10780,37,21,76.19047619047619
6558,34,27,25.925925925925924
3386,37,23,60.86956521739131
5651,39,61,-36.0655737704918
4341,34,21,61.904761904761905
11946,39,26,50.0
1793,39,25,56.00000000000001
1692,34,24,41.66666666666667
11297,42,23,82.6086956521739
12299,37,56,-33.92857142857143
5579,38,63,-39.682539682539684
493,37,47,-21.27659574468085
5279,37,24,54.166666666666664
157,34,27,25.925925925925924
7592,38,56,-32.142857142857146
2751,37,33,12.121212121212121
9514,38,22,72.72727272727273
2435,34,47,-27.659574468085108
8055,37,62,-40.32258064516129
2287,39,37,5.405405405405405
8672,37,41,-9.75609756097561
3082,39,21,85.71428571428571
965,37,28,32.142857142857146
2984,38,53,-28.30188679245283
5128,34,25,36.0
2252,38,64,-40.625
10718,39,26,50.0
438,37,36,2.7777777777777777
5610,34,34,0.0
9701,34,32,6.25
1614,34,28,21.428571428571427
11933,38,55,-30.909090909090907
2948,34,43,-20.930232558139537
3000,37,22,68.18181818181817
11702,34,21,61.904761904761905
10455,39,36,8.333333333333332
756,39,27,44.44444444444444
3315,34,26,30.76923076923077
1090,34,22,54.54545454545454
5407,38,64,-40.625
7492,37,40,-7.5
7932,34,32,6.25
3070,34,26,30.76923076923077
9214,39,40,-2.5
3574,34,22,54.54545454545454
7613,34,22,54.54545454545454
8528,34,27,25.925925925925924
13086,39,44,-11.363636363636363
6196,34,33,3.0303030303030303
2400,37,26,42.30769230769231
8457,37,44,-15.909090909090908
12943,34,24,41.66666666666667
12763,39,29,34.48275862068966
4560,34,22,54.54545454545454
10788,34,37,-8.108108108108109
3817,37,60,-38.333333333333336
11201,37,29,27.586206896551722
6264,39,60,-35.0
8532,34,60,-43.333333333333336
9624,37,32,15.625
12890,39,23,69.56521739130434
4074,38,54,-29.629629629629626
13059,34,36,-5.555555555555555
8881,37,47,-21.27659574468085
1432,37,29,27.586206896551722
13203,34,58,-41.37931034482759
4822,34,31,9.67741935483871
2174,39,23,69.56521739130434
10577,34,60,-43.333333333333336
2102,37,29,27.586206896551722
12598,37,64,-42.1875
13207,39,23,69.56521739130434
13126,34,31,9.67741935483871
1934,37,28,32.142857142857146
6335,37,61,-39.34426229508197
10020,37,27,37.03703703703704
12401,34,59,-42.3728813559322
12677,38,60,-36.666666666666664
758,34,25,36.0
5826,34,50,-32.0
829,34,21,61.904761904761905
13320,34,41,-17.073170731707318
6595,37,57,-35.08771929824561
2701,34,29,17.24137931034483
13333,34,38,-10.526315789473683
5312,39,28,39.285714285714285
5001,34,25,36.0
9770,34,21,61.904761904761905
5032,34,28,21.428571428571427
9479,34,26,30.76923076923077
5922,34,29,17.24137931034483
4094,39,44,-11.363636363636363
1459,34,45,-24.444444444444443
8142,34,30,13.333333333333334
12045,34,30,13.333333333333334
9682,37,37,0.0
3991,39,24,62.5
12509,34,30,13.333333333333334
2993,34,21,61.904761904761905
9689,34,33,3.0303030303030303
9221,37,25,48.0
134,37,24,54.166666666666664
8412,34,36,-5.555555555555555
12537,39,26,50.0
9219,39,25,56.00000000000001
5617,34,30,13.333333333333334
799,37,26,42.30769230769231
10327,37,24,54.166666666666664
427,37,24,54.166666666666664
8615,37,53,-30.18867924528302
3798,34,28,21.428571428571427
7666,34,38,-10.526315789473683
4089,37,26,42.30769230769231
10667,37,63,-41.269841269841265
1255,39,53,-26.41509433962264
3851,34,57,-40.35087719298245
11683,37,33,12.121212121212121
4395,34,53,-35.84905660377358
8759,37,24,54.166666666666664
2318,34,40,-15.0
8117,37,21,76.19047619047619
4640,39,22,77.27272727272727
8251,37,56,-33.92857142857143
4743,37,61,-39.34426229508197
7753,38,21,80.95238095238095
3623,37,31,19.35483870967742
11192,37,22,68.18181818181817
6745,37,26,42.30769230769231
4244,34,46,-26.08695652173913
5725,39,63,-38.095238095238095
6266,34,24,41.66666666666667
10886,37,23,60.86956521739131
12429,38,63,-39.682539682539684
9147,38,58,-34.48275862068966
9434,34,30,13.333333333333334
5354,34,23,47.82608695652174
7231,37,27,37.03703703703704
0,34,27,25.925925925925924
5942,34,25,36.0
3128,34,57,-40.35087719298245
3617,34,35,-2.857142857142857
9228,34,23,47.82608695652174
11562,34,35,-2.857142857142857
6325,34,32,6.25
8371,37,24,54.166666666666664
6118,39,33,18.181818181818183
7172,37,41,-9.75609756097561
11418,38,54,-29.629629629629626
8287,34,24,41.66666666666667
3912,34,31,9.67741935483871
2018,37,61,-39.34426229508197
10830,34,24,41.66666666666667
11064,34,31,9.67741935483871
4127,39,23,69.56521739130434
3194,39,54,-27.77777777777778
3187,38,33,15.151515151515152
9897,34,55,-38.18181818181819
3703,38,21,80.95238095238095
5740,37,29,27.586206896551722
13085,37,64,-42.1875
4953,34,31,9.67741935483871
12849,37,21,76.19047619047619
4201,37,30,23.333333333333332
5608,38,52,-26.923076923076923
12162,34,21,61.904761904761905
12812,37,31,19.35483870967742
216,37,37,0.0
4702,39,24,62.5
11433,34,63,-46.03174603174603
9026,39,64,-39.0625
3366,37,25,48.0
866,34,23,47.82608695652174
6580,34,23,47.82608695652174
43,37,33,12.121212121212121
17,34,26,30.76923076923077
3375,39,63,-38.095238095238095
10742,34,22,54.54545454545454
1883,37,24,54.166666666666664
9936,34,24,41.66666666666667
8918,38,22,72.72727272727273
12752,37,21,76.19047619047619
11177,37,43,-13.953488372093023
11323,38,24,58.333333333333336
10274,34,28,21.428571428571427
9618,38,22,72.72727272727273
10089,37,23,60.86956521739131
9898,37,61,-39.34426229508197
9775,38,33,15.151515151515152
12046,34,34,0.0
12458,38,37,2.7027027027027026
9513,34,31,9.67741935483871
259,39,28,39.285714285714285
8081,34,26,30.76923076923077
8221,34,56,-39.285714285714285
5246,37,31,19.35483870967742
2688,34,29,17.24137931034483
532,37,22,68.18181818181817
8728,34,22,54.54545454545454
4513,34,24,41.66666666666667
11662,37,56,-33.92857142857143
8639,34,26,30.76923076923077
12960,34,25,36.0
11395,34,27,25.925925925925924
12288,39,60,-35.0
430,37,62,-40.32258064516129
5113,39,31,25.806451612903224
2328,34,21,61.904761904761905
6713,39,22,77.27272727272727
3404,34,30,13.333333333333334
577,34,45,-24.444444444444443
12445,34,59,-42.3728813559322
4832,39,45,-13.333333333333334
9772,39,28,39.285714285714285
4129,37,24,54.166666666666664
3017,34,29,17.24137931034483
1698,38,44,-13.636363636363635
761,34,21,61.904761904761905
11256,37,58,-36.206896551724135
796,39,48,-18.75
2791,37,30,23.333333333333332
2629,39,22,77.27272727272727
13217,37,24,54.166666666666664
7620,37,25,48.0
11170,37,22,68.18181818181817
10976,34,27,25.925925925925924
2546,34,24,41.66666666666667
1941,37,23,60.86956521739131
7583,39,60,-35.0
11074,39,38,2.631578947368421
9985,34,25,36.0
2826,39,63,-38.095238095238095
9784,37,23,60.86956521739131
11689,34,40,-15.0
4985,37,32,15.625
5792,37,34,8.823529411764707
10890,37,29,27.586206896551722
8929,34,61,-44.26229508196721
591,34,24,41.66666666666667
12431,34,42,-19.047619047619047
6248,39,28,39.285714285714285
1041,34,41,-17.073170731707318
4028,34,31,9.67741935483871
2760,34,62,-45.16129032258064
2517,37,62,-40.32258064516129
2221,34,25,36.0
6997,34,45,-24.444444444444443
10642,39,22,77.27272727272727
3143,34,28,21.428571428571427
5473,37,21,76.19047619047619
11780,37,22,68.18181818181817
3065,34,63,-46.03174603174603
6749,34,37,-8.108108108108109
960,38,22,72.72727272727273
6076,39,53,-26.41509433962264
5479,34,42,-19.047619047619047
3702,37,27,37.03703703703704
11791,39,26,50.0
883,34,36,-5.555555555555555
4382,39,23,69.56521739130434
12200,34,27,25.925925925925924
9877,37,28,32.142857142857146
13033,37,31,19.35483870967742
7840,37,24,54.166666666666664
11723,34,47,-27.659574468085108
8373,39,22,77.27272727272727
4265,34,25,36.0
4417,39,37,5.405405405405405
6921,37,32,15.625
8999,37,26,42.30769230769231
9279,37,40,-7.5
4436,34,34,0.0
5195,34,62,-45.16129032258064
2450,37,38,-2.631578947368421
6867,34,22,54.54545454545454
5380,37,51,-27.450980392156865
9699,39,27,44.44444444444444
11590,34,24,41.66666666666667
8358,37,26,42.30769230769231
1160,37,27,37.03703703703704
4012,37,47,-21.27659574468085
10240,34,26,30.76923076923077
13362,34,37,-8.108108108108109
9731,38,29,31.03448275862069
2154,34,60,-43.333333333333336
8807,39,44,-11.363636363636363
12877,34,61,-44.26229508196721
10762,34,27,25.925925925925924
5173,37,34,8.823529411764707
11908,37,23,60.86956521739131
6517,39,32,21.875
3011,34,21,61.904761904761905
12387,34,44,-22.727272727272727
3658,37,49,-24.489795918367346
9509,34,41,-17.073170731707318
1147,37,21,76.19047619047619
6369,38,35,8.571428571428571
2664,34,35,-2.857142857142857
7288,39,21,85.71428571428571
5688,34,47,-27.659574468085108
11461,37,24,54.166666666666664
7223,39,28,39.285714285714285
1886,39,52,-25.0
3838,37,26,42.30769230769231
1339,34,60,-43.333333333333336
13239,34,43,-20.930232558139537
5513,34,22,54.54545454545454
10821,38,22,72.72727272727273
8273,37,23,60.86956521739131
11623,34,63,-46.03174603174603
1501,34,24,41.66666666666667
11366,34,24,41.66666666666667
11655,37,60,-38.333333333333336
9095,34,48,-29.166666666666668
7267,34,28,21.428571428571427
3274,39,60,-35.0
11847,37,31,19.35483870967742
10383,39,37,5.405405405405405
5985,34,32,6.25
11509,34,52,-34.61538461538461
9621,34,38,-10.526315789473683
9117,34,49,-30.612244897959183
11002,37,27,37.03703703703704
8947,39,55,-29.09090909090909
4359,34,38,-10.526315789473683
11630,37,25,48.0
4605,34,26,30.76923076923077
3705,38,62,-38.70967741935484
12999,34,23,47.82608695652174
9653,38,63,-39.682539682539684
6455,39,37,5.405405405405405
6613,39,22,77.27272727272727
5566,37,57,-35.08771929824561
8168,39,27,44.44444444444444
8874,39,23,69.56521739130434
10284,39,56,-30.357142857142854
12482,39,62,-37.096774193548384
1472,34,29,17.24137931034483
8030,37,31,19.35483870967742
12737,34,58,-41.37931034482759
9960,34,37,-8.108108108108109
8545,37,50,-26.0
